FROM,TO,OUTPUT
0,0.399112,1
0.399112,0.658624,2
0.658624,1,3
